<?xml version="1.0" encoding="UTF-8"?>
<project-private xmlns="http://www.netbeans.org/ns/project-private/1">
    <editor-bookmarks xmlns="http://www.netbeans.org/ns/editor-bookmarks/2" lastBookmarkId="0"/>
    <open-files xmlns="http://www.netbeans.org/ns/projectui-open-files/2">
        <group>
            <file>file:/C:/Users/aluno/3D%20Objects/school/LMP/29.08/CadastroAtletas/src/exception/StringVaziaException.java</file>
            <file>file:/C:/Users/aluno/3D%20Objects/school/LMP/29.08/CadastroAtletas/src/control/AtletaControl.java</file>
            <file>file:/C:/Users/aluno/3D%20Objects/school/LMP/29.08/CadastroAtletas/src/view/FrmAtleta.java</file>
            <file>file:/C:/Users/aluno/3D%20Objects/school/LMP/29.08/CadastroAtletas/src/view/FrmBusca.java</file>
            <file>file:/C:/Users/aluno/3D%20Objects/school/LMP/29.08/CadastroAtletas/src/exception/NumeroInvalidoException.java</file>
            <file>file:/C:/Users/aluno/3D%20Objects/school/LMP/29.08/CadastroAtletas/src/model/Atleta.java</file>
        </group>
    </open-files>
</project-private>
